{
    "line_chart": {
        "years": [
            1895,
            1896,
            1898,
            1903,
            1904,
            1905,
            1906,
            1907,
            1908,
            1909,
            1910,
            1911,
            1912,
            1913,
            1914,
            1915,
            1916,
            1917,
            1918,
            1919,
            1920,
            1921,
            1922,
            1923,
            1924,
            1925,
            1926,
            1927,
            1928,
            1929,
            1930,
            1931,
            1932,
            1933,
            1934,
            1935,
            1936,
            1937,
            1938,
            1939,
            1940,
            1941,
            1942,
            1943,
            1944,
            1945,
            1946,
            1947,
            1948,
            1949,
            1950,
            1951,
            1952,
            1953,
            1954,
            1955,
            1956,
            1957,
            1958,
            1959,
            1960,
            1961,
            1962,
            1963,
            1964,
            1965,
            1966,
            1967,
            1968,
            1970,
            1971,
            1972,
            1977,
            1978,
            1979,
            1980,
            1981,
            1982,
            1983,
            1984,
            1985,
            1986,
            1987,
            1988,
            1989,
            1990,
            1991,
            1992,
            1993,
            1994,
            1995,
            1996,
            1997
        ],
        "donne_uomini_ratio": [
            0.0,
            0.0,
            0.0,
            0.0,
            0.0,
            0.028368794326241134,
            0.056179775280898875,
            0.021897810218978103,
            0.07514450867052024,
            0.013071895424836602,
            0.0033444816053511705,
            0.006153846153846154,
            0.0029585798816568047,
            0.01276595744680851,
            0.0038910505836575876,
            0.002861230329041488,
            0.006734006734006734,
            0.056338028169014086,
            0.02459016393442623,
            0.015444015444015444,
            0.13513513513513514,
            0.38571428571428573,
            0.1523809523809524,
            0.26262626262626265,
            0.07263922518159806,
            0.11940298507462686,
            0.0375,
            0.043327556325823226,
            0.04324801412180053,
            0.0593607305936073,
            0.035256410256410256,
            0.044585987261146494,
            0.026470588235294117,
            0.03239289446185998,
            0.044444444444444446,
            0.050761421319796954,
            0.10050251256281408,
            0.06928838951310862,
            0.05555555555555555,
            0.0608187134502924,
            0.03784693019343986,
            0.032,
            0.05042016806722689,
            0.0625,
            0.16,
            0.05413533834586466,
            0.07682119205298013,
            0.06830601092896176,
            0.09166666666666666,
            0.5625,
            0.4,
            0.5454545454545454,
            0.07692307692307693,
            0.12745098039215685,
            0.06363636363636363,
            0.04878048780487805,
            0.14705882352941177,
            0.02097902097902098,
            0.06766917293233082,
            0.060240963855421686,
            0.06470588235294118,
            0.09446254071661238,
            0.10256410256410256,
            0.057692307692307696,
            0.1507537688442211,
            0.14782608695652175,
            0.3,
            0.0,
            0.0,
            0.0,
            0.0,
            0.0,
            0.06422018348623854,
            0.10576923076923077,
            0.125,
            0.037037037037037035,
            0.4318181818181818,
            0.0,
            0.08333333333333333,
            0.0,
            0.1836734693877551,
            0.3333333333333333,
            0.5,
            0.0,
            0.0,
            0.0,
            0.0,
            0.4482758620689655,
            0.43956043956043955,
            0.23076923076923078,
            0.2682926829268293,
            1.0,
            0.35714285714285715
        ]
    },
    "pie_chart": {
        "labels": [
            "Donne",
            "Uomini"
        ],
        "values": [
            423,
            3302
        ]
    }
}